<gifts>
  <gift number="61" code="FR2325" needPrpReg="false" name="Сертификат 50 000 на телефон" /> 
  <gift number="11" code="FR2315" needPrpReg="false" name="Пакет 50 минут на МТС"/> 
  <gift number="12" code="FR2316" needPrpReg="false" name="Пакет 100 мин. на МТС" /> 
  <gift number="13" code="FR2317" needPrpReg="false" name="Пакет 300 мин. на МТС" /> 
  <gift number="21" code="FR2318" needPrpReg="false" name="Пакет 25 мин. на другие сети" /> 
  <gift number="22" code="FR2319" needPrpReg="false" name="Пакет 50 мин. на другие сети" /> 
  <gift number="23" code="FR2320" needPrpReg="false" name="Пакет 100 мин. на другие сети" /> 
  <gift number="31" code="FR2322" needPrpReg="false" name="Пакет 50 МБ" /> 
  <gift number="32" code="FR2323" needPrpReg="false" name="Пакет 100 МБ" /> 
  <gift number="33" code="FR2324" needPrpReg="false" name="Пакет 500 МБ" /> 
  <gift number="41" code="FR2326" needPrpReg="false" name="SMS-пакет 25" /> 
  <gift number="42" code="FR5570" needPrpReg="false" name="SMS-пакет 50" /> 
  <gift number="43" code="FR5571" needPrpReg="false" name="SMS-пакет 100" /> 
  <gift number="51" code="FR882" needPrpReg="false" name="MMS Пакет 10" /> 
  <gift number="52" code="FR883" needPrpReg="false" name="MMS Пакет 25" /> 
  <gift number="53" code="FR2321" needPrpReg="false" name="MMS Пакет 50" />
  <gift number="71" code="FR10488" needPrpReg="false" name="Бонус-код World of Warplanes" />
  <gift number="72" code="FR10755" needPrpReg="false" name="Инвайт-код World of Warplanes" />
  <gift number="73" code="FR10489" needPrpReg="false" name="Инвайт-код World of Tanks" />
</gifts>